{"stats":{"minecraft:broken":{"minecraft:stone_axe":2},"minecraft:picked_up":{"minecraft:fishing_rod":1,"minecraft:crafting_table":5,"minecraft:wheat":5,"minecraft:feather":2,"minecraft:chicken":3,"minecraft:salmon":21,"minecraft:leather":7,"minecraft:smoker":1,"minecraft:potion":1,"minecraft:oak_log":50,"minecraft:dirt":63,"minecraft:cooked_salmon":11,"minecraft:pufferfish":2,"minecraft:bone":2,"minecraft:bow":1,"minecraft:wheat_seeds":28,"minecraft:beef":14,"minecraft:egg":2,"minecraft:furnace":1,"minecraft:stick":8,"minecraft:pumpkin":54,"minecraft:oak_fence":1,"minecraft:white_bed":8,"minecraft:stone_sword":1,"minecraft:pumpkin_seeds":5,"minecraft:tropical_fish":2,"minecraft:stone_axe":1,"minecraft:bone_meal":3,"minecraft:bread":15,"minecraft:oak_sapling":5,"minecraft:cod":11,"minecraft:white_wool":1,"minecraft:cobblestone":42,"minecraft:oxeye_daisy":1},"minecraft:killed":{"minecraft:salmon":18,"minecraft:sheep":1,"minecraft:skeleton":1,"minecraft:chicken":2,"minecraft:cow":7},"minecraft:used":{"minecraft:oak_fence":27,"minecraft:wheat_seeds":8,"minecraft:stone_sword":28,"minecraft:stone_shovel":45,"minecraft:stone_pickaxe":38,"minecraft:chest":2,"minecraft:wooden_pickaxe":10,"minecraft:cooked_salmon":16,"minecraft:stone_hoe":46,"minecraft:salmon":1,"minecraft:dirt":44,"minecraft:crafting_table":4,"minecraft:white_bed":7,"minecraft:smoker":1,"minecraft:pumpkin_seeds":20,"minecraft:stone_axe":210,"minecraft:fishing_rod":31,"minecraft:furnace":1,"minecraft:oak_sapling":2,"minecraft:egg":2},"minecraft:mined":{"minecraft:attached_pumpkin_stem":2,"minecraft:oak_sapling":1,"minecraft:white_bed":7,"minecraft:smoker":1,"minecraft:oak_fence":1,"minecraft:crafting_table":5,"minecraft:grass_block":44,"minecraft:poppy":1,"minecraft:tall_grass":9,"minecraft:cobblestone":1,"minecraft:oxeye_daisy":1,"minecraft:seagrass":1,"minecraft:tall_seagrass":4,"minecraft:furnace":1,"minecraft:wheat":9,"minecraft:pumpkin":49,"minecraft:bee_nest":1,"minecraft:grass":38,"minecraft:oak_log":50,"minecraft:dirt":1,"minecraft:stone":40,"minecraft:oak_leaves":30},"minecraft:dropped":{"minecraft:stone_sword":1,"minecraft:pufferfish":1,"minecraft:oxeye_daisy":1,"minecraft:bone":2},"minecraft:custom":{"minecraft:interact_with_furnace":10,"minecraft:mob_kills":29,"minecraft:interact_with_crafting_table":18,"minecraft:open_barrel":10,"minecraft:leave_game":3,"minecraft:time_since_death":94959,"minecraft:sleep_in_bed":9,"minecraft:time_since_rest":3642,"minecraft:sprint_one_cm":407472,"minecraft:damage_taken":602,"minecraft:walk_one_cm":207689,"minecraft:drop":5,"minecraft:damage_dealt":1692,"minecraft:swim_one_cm":24909,"minecraft:talked_to_villager":1,"minecraft:fly_one_cm":250399,"minecraft:open_chest":12,"minecraft:crouch_one_cm":3706,"minecraft:play_time":94959,"minecraft:sneak_time":1526,"minecraft:walk_under_water_one_cm":19123,"minecraft:jump":1235,"minecraft:walk_on_water_one_cm":14376,"minecraft:interact_with_smoker":5,"minecraft:total_world_time":94959,"minecraft:fish_caught":18,"minecraft:fall_one_cm":26188},"minecraft:crafted":{"minecraft:cooked_beef":2,"minecraft:oak_planks":100,"minecraft:stone_shovel":1,"minecraft:cooked_porkchop":1,"minecraft:leather_leggings":1,"minecraft:crafting_table":1,"minecraft:wooden_pickaxe":1,"minecraft:cooked_chicken":1,"minecraft:furnace":1,"minecraft:cooked_salmon":32,"minecraft:pumpkin_seeds":20,"minecraft:stone_axe":2,"minecraft:air":0,"minecraft:charcoal":4,"minecraft:stick":48,"minecraft:stone_pickaxe":2,"minecraft:stone_sword":1,"minecraft:chest":2,"minecraft:torch":16,"minecraft:stone_hoe":1,"minecraft:oak_fence":39}},"DataVersion":3465}