{"stats":{"minecraft:picked_up":{"minecraft:azure_bluet":1,"minecraft:clay_ball":104,"minecraft:string":5,"minecraft:pufferfish":1,"minecraft:beetroot":1,"minecraft:poppy":1,"minecraft:sugar_cane":11,"minecraft:furnace":2,"minecraft:egg":4,"minecraft:raw_iron":44,"minecraft:stick":6,"minecraft:composter":1,"minecraft:porkchop":18,"minecraft:diorite":6,"minecraft:carrot":8,"minecraft:stone_sword":2,"minecraft:arrow":8,"minecraft:rotten_flesh":1,"minecraft:beetroot_seeds":4,"minecraft:hay_block":48,"minecraft:white_wool":19,"minecraft:cobblestone":91,"minecraft:oxeye_daisy":1,"minecraft:salmon":53,"minecraft:potato":3,"minecraft:flint":6,"minecraft:oak_log":46,"minecraft:gunpowder":6,"minecraft:wooden_hoe":1,"minecraft:dirt":42,"minecraft:bone":9,"minecraft:bow":1,"minecraft:wheat_seeds":29,"minecraft:raw_gold":7,"minecraft:iron_ingot":24,"minecraft:dandelion":1,"minecraft:gravel":39,"minecraft:white_bed":7,"minecraft:barrel":1,"minecraft:pumpkin_seeds":5,"minecraft:stone_axe":1,"minecraft:granite":1,"minecraft:oak_sapling":6,"minecraft:coal":164},"minecraft:killed":{"minecraft:spider":3,"minecraft:skeleton":9,"minecraft:pig":9,"minecraft:salmon":38,"minecraft:iron_golem":3,"minecraft:creeper":3,"minecraft:zombie":5},"minecraft:used":{"minecraft:stone_sword":122,"minecraft:iron_shovel":116,"minecraft:flint_and_steel":2,"minecraft:poppy":1,"minecraft:shield":15,"minecraft:iron_sword":6,"minecraft:torch":47,"minecraft:dirt":26,"minecraft:white_carpet":3,"minecraft:iron_hoe":27,"minecraft:iron_axe":21,"minecraft:iron_helmet":1,"minecraft:iron_boots":1,"minecraft:bow":3,"minecraft:furnace":3,"minecraft:oak_sapling":2,"minecraft:egg":4,"minecraft:cooked_beef":2,"minecraft:water_bucket":26,"minecraft:stone_pickaxe":53,"minecraft:wooden_pickaxe":7,"minecraft:fletching_table":1,"minecraft:golden_hoe":22,"minecraft:crafting_table":8,"minecraft:white_bed":9,"minecraft:smoker":1,"minecraft:apple":5,"minecraft:bread":16,"minecraft:iron_pickaxe":239,"minecraft:gravel":5,"minecraft:stone_axe":59,"minecraft:fishing_rod":1,"minecraft:cobblestone":41,"minecraft:potion":1,"minecraft:cooked_porkchop":9,"minecraft:bucket":27},"minecraft:mined":{"minecraft:white_bed":6,"minecraft:granite":3,"minecraft:grass_block":39,"minecraft:composter":1,"minecraft:hay_block":48,"minecraft:tall_seagrass":1,"minecraft:furnace":2,"minecraft:carrots":8,"minecraft:fire":1,"minecraft:iron_ore":44,"minecraft:barrel":1,"minecraft:potatoes":3,"minecraft:stone":78,"minecraft:clay":26,"minecraft:tall_grass":2,"minecraft:cobblestone":11,"minecraft:sugar_cane":4,"minecraft:diorite":6,"minecraft:wheat":13,"minecraft:grass":29,"minecraft:oak_log":46,"minecraft:coal_ore":148,"minecraft:beetroots":2,"minecraft:dirt":12,"minecraft:gravel":63,"minecraft:gold_ore":7,"minecraft:oak_leaves":16},"minecraft:crafted":{"minecraft:oak_planks":84,"minecraft:fishing_rod":1,"minecraft:cooked_chicken":1,"minecraft:furnace":2,"minecraft:white_carpet":3,"minecraft:flint_and_steel":1,"minecraft:iron_boots":1,"minecraft:iron_axe":1,"minecraft:iron_hoe":1,"minecraft:stone_pickaxe":1,"minecraft:smoker":1,"minecraft:wheat":432,"minecraft:cooked_cod":4,"minecraft:emerald":18,"minecraft:arrow":112,"minecraft:cooked_porkchop":11,"minecraft:crafting_table":8,"minecraft:wooden_pickaxe":1,"minecraft:iron_helmet":1,"minecraft:iron_sword":1,"minecraft:cooked_salmon":8,"minecraft:fletching_table":2,"minecraft:bucket":1,"minecraft:stone_axe":1,"minecraft:bread":63,"minecraft:air":0,"minecraft:iron_chestplate":1,"minecraft:shield":1,"minecraft:stick":40,"minecraft:iron_ingot":39,"minecraft:iron_pickaxe":2,"minecraft:stone_sword":1,"minecraft:iron_leggings":1,"minecraft:iron_shovel":1,"minecraft:gold_ingot":7,"minecraft:white_bed":5,"minecraft:torch":52,"minecraft:shears":1,"minecraft:golden_hoe":1},"minecraft:dropped":{"minecraft:iron_ingot":10,"minecraft:bread":45,"minecraft:wheat_seeds":41,"minecraft:glass_bottle":1,"minecraft:cooked_porkchop":2,"minecraft:feather":1,"minecraft:granite":1,"minecraft:flint":1,"minecraft:oxeye_daisy":1,"minecraft:wooden_hoe":1,"minecraft:cooked_salmon":11,"minecraft:golden_hoe":1,"minecraft:fishing_rod":1,"minecraft:white_wool":2,"minecraft:dandelion":1,"minecraft:gravel":34,"minecraft:stone_axe":2,"minecraft:stone_sword":3,"minecraft:beetroot":1,"minecraft:rotten_flesh":1,"minecraft:clay_ball":104,"minecraft:azure_bluet":1,"minecraft:white_bed":3,"minecraft:salmon":15,"minecraft:pumpkin_seeds":10,"minecraft:beetroot_seeds":4,"minecraft:oak_sapling":7,"minecraft:bow":1,"minecraft:stone_pickaxe":1,"minecraft:wooden_pickaxe":1},"minecraft:custom":{"minecraft:interact_with_smithing_table":1,"minecraft:mob_kills":71,"minecraft:interact_with_crafting_table":25,"minecraft:open_barrel":15,"minecraft:leave_game":3,"minecraft:time_since_death":119616,"minecraft:sprint_one_cm":405086,"minecraft:walk_one_cm":257194,"minecraft:damage_blocked_by_shield":435,"minecraft:drop":53,"minecraft:talked_to_villager":12,"minecraft:play_time":119616,"minecraft:sneak_time":3529,"minecraft:walk_under_water_one_cm":32582,"minecraft:jump":4344,"minecraft:walk_on_water_one_cm":15960,"minecraft:total_world_time":119616,"minecraft:interact_with_furnace":44,"minecraft:traded_with_villager":25,"minecraft:sleep_in_bed":8,"minecraft:time_since_rest":271,"minecraft:damage_taken":537,"minecraft:damage_dealt":9183,"minecraft:player_kills":1,"minecraft:fly_one_cm":1158413,"minecraft:swim_one_cm":74996,"minecraft:open_chest":24,"minecraft:crouch_one_cm":8503,"minecraft:interact_with_smoker":5,"minecraft:fish_caught":1,"minecraft:fall_one_cm":141726}},"DataVersion":3465}