{"stats":{"minecraft:broken":{"minecraft:wooden_shovel":1,"minecraft:iron_axe":1,"minecraft:wooden_sword":1,"minecraft:wooden_axe":3,"minecraft:wooden_hoe":1},"minecraft:picked_up":{"minecraft:crafting_table":3,"minecraft:iron_chestplate":1,"minecraft:wheat":140,"minecraft:chicken":17,"minecraft:diamond_sword":1,"minecraft:wooden_pickaxe":1,"minecraft:iron_axe":1,"minecraft:wooden_sword":1,"minecraft:iron_leggings":1,"minecraft:cobbled_deepslate":40,"minecraft:beef":60,"minecraft:iron_pickaxe":1,"minecraft:light_gray_wool":1,"minecraft:sugar_cane":66,"minecraft:iron_boots":1,"minecraft:raw_iron":29,"minecraft:stick":88,"minecraft:torch":48,"minecraft:porkchop":18,"minecraft:diorite":12,"minecraft:redstone":27,"minecraft:arrow":10,"minecraft:rotten_flesh":3,"minecraft:gold_ingot":5,"minecraft:mutton":38,"minecraft:obsidian":55,"minecraft:white_wool":12,"minecraft:cobblestone":41,"minecraft:feather":21,"minecraft:cooked_beef":26,"minecraft:leather":38,"minecraft:flint":4,"minecraft:oak_log":98,"minecraft:lapis_lazuli":150,"minecraft:dirt":69,"minecraft:bone":12,"minecraft:apple":27,"minecraft:wheat_seeds":272,"minecraft:raw_gold":13,"minecraft:stone_pickaxe":1,"minecraft:iron_ingot":11,"minecraft:oak_planks":57,"minecraft:cooked_porkchop":3,"minecraft:pumpkin":36,"minecraft:dandelion":2,"minecraft:sand":87,"minecraft:gravel":17,"minecraft:white_bed":10,"minecraft:pumpkin_seeds":34,"minecraft:diamond":7,"minecraft:iron_helmet":1,"minecraft:golden_apple":1,"minecraft:bread":15,"minecraft:oak_sapling":24,"minecraft:coal":39,"minecraft:diamond_pickaxe":1},"minecraft:killed":{"minecraft:skeleton":2,"minecraft:chicken":13,"minecraft:pig":6,"minecraft:sheep":13,"minecraft:zombie":1,"minecraft:cow":24},"minecraft:used":{"minecraft:wooden_shovel":111,"minecraft:torch":76,"minecraft:dirt":68,"minecraft:obsidian":11,"minecraft:wooden_axe":160,"minecraft:iron_axe":254,"minecraft:beef":4,"minecraft:oak_sapling":15,"minecraft:cooked_beef":6,"minecraft:cobbled_deepslate":17,"minecraft:pumpkin":4,"minecraft:wheat_seeds":118,"minecraft:oak_planks":3,"minecraft:wooden_pickaxe":9,"minecraft:sand":1,"minecraft:crafting_table":6,"minecraft:white_bed":8,"minecraft:pumpkin_seeds":22,"minecraft:wooden_hoe":69,"minecraft:diamond_pickaxe":23,"minecraft:bread":1,"minecraft:chicken":12,"minecraft:iron_pickaxe":197,"minecraft:diamond_sword":50,"minecraft:wooden_sword":237,"minecraft:cobblestone":29,"minecraft:cooked_porkchop":8},"minecraft:mined":{"minecraft:attached_pumpkin_stem":1,"minecraft:tuff":2,"minecraft:white_bed":8,"minecraft:deepslate_diamond_ore":6,"minecraft:obsidian":19,"minecraft:glow_lichen":1,"minecraft:grass_block":40,"minecraft:redstone_ore":2,"minecraft:iron_ore":24,"minecraft:pumpkin":25,"minecraft:deepslate_iron_ore":5,"minecraft:stone":55,"minecraft:dandelion":1,"minecraft:crafting_table":3,"minecraft:tall_grass":26,"minecraft:cobblestone":2,"minecraft:lapis_ore":11,"minecraft:deepslate_gold_ore":13,"minecraft:sugar_cane":12,"minecraft:diorite":10,"minecraft:wheat":80,"minecraft:birch_leaves":22,"minecraft:pumpkin_stem":11,"minecraft:grass":198,"minecraft:coal_ore":39,"minecraft:oak_log":114,"minecraft:dirt":32,"minecraft:sand":44,"minecraft:gravel":24,"minecraft:oak_leaves":316,"minecraft:deepslate":37},"minecraft:dropped":{"minecraft:cobblestone":10,"minecraft:stick":2,"minecraft:dirt":1,"minecraft:diorite":12,"minecraft:wooden_hoe":1,"minecraft:wooden_sword":1,"minecraft:pumpkin":5,"minecraft:white_wool":12,"minecraft:dandelion":2,"minecraft:redstone":9,"minecraft:gravel":17,"minecraft:cobbled_deepslate":23,"minecraft:obsidian":18,"minecraft:rotten_flesh":3,"minecraft:light_gray_wool":1,"minecraft:oak_sapling":6,"minecraft:wooden_shovel":1,"minecraft:stone_pickaxe":1,"minecraft:wooden_pickaxe":2},"minecraft:killed_by":{"minecraft:player":1},"minecraft:custom":{"minecraft:mob_kills":60,"minecraft:animals_bred":1,"minecraft:interact_with_crafting_table":29,"minecraft:leave_game":1,"minecraft:time_since_death":10574,"minecraft:sprint_one_cm":184173,"minecraft:walk_one_cm":392298,"minecraft:drop":26,"minecraft:play_time":165610,"minecraft:deaths":1,"minecraft:sneak_time":2912,"minecraft:walk_under_water_one_cm":6563,"minecraft:jump":1988,"minecraft:walk_on_water_one_cm":30794,"minecraft:total_world_time":165610,"minecraft:interact_with_furnace":27,"minecraft:sleep_in_bed":9,"minecraft:time_since_rest":212,"minecraft:damage_taken":1359,"minecraft:damage_dealt":5800,"minecraft:swim_one_cm":4144,"minecraft:fly_one_cm":317483,"minecraft:player_kills":1,"minecraft:open_chest":9,"minecraft:crouch_one_cm":4070,"minecraft:interact_with_smoker":1,"minecraft:fall_one_cm":49729},"minecraft:crafted":{"minecraft:wooden_sword":2,"minecraft:oak_planks":144,"minecraft:iron_boots":1,"minecraft:iron_axe":2,"minecraft:cooked_beef":32,"minecraft:wooden_shovel":2,"minecraft:diamond_sword":1,"minecraft:cooked_porkchop":7,"minecraft:crafting_table":3,"minecraft:wooden_pickaxe":1,"minecraft:iron_helmet":1,"minecraft:pumpkin_seeds":20,"minecraft:iron_chestplate":1,"minecraft:wooden_hoe":2,"minecraft:diamond_pickaxe":1,"minecraft:golden_apple":1,"minecraft:gold_nugget":63,"minecraft:stick":100,"minecraft:iron_pickaxe":1,"minecraft:iron_ingot":44,"minecraft:wooden_axe":3,"minecraft:iron_leggings":1,"minecraft:gold_ingot":20,"minecraft:torch":124}},"DataVersion":3465}