{"stats":{"minecraft:picked_up":{"minecraft:birch_log":88,"minecraft:iron_chestplate":1,"minecraft:crafting_table":5,"minecraft:wheat":6,"minecraft:water_bucket":1,"minecraft:andesite":1,"minecraft:salmon":2,"minecraft:tuff":9,"minecraft:oak_log":338,"minecraft:shield":1,"minecraft:gunpowder":1,"minecraft:dirt":120,"minecraft:string":6,"minecraft:cooked_salmon":3,"minecraft:iron_leggings":1,"minecraft:bone":28,"minecraft:apple":8,"minecraft:bow":2,"minecraft:wheat_seeds":167,"minecraft:cobbled_deepslate":7,"minecraft:iron_ingot":13,"minecraft:stone_pickaxe":1,"minecraft:stone_hoe":1,"minecraft:iron_pickaxe":1,"minecraft:iron_sword":1,"minecraft:sugar_cane":16,"minecraft:oak_planks":3,"minecraft:birch_sapling":44,"minecraft:iron_boots":1,"minecraft:egg":1,"minecraft:furnace":4,"minecraft:stick":69,"minecraft:raw_iron":104,"minecraft:cooked_porkchop":12,"minecraft:torch":25,"minecraft:dandelion":1,"minecraft:porkchop":13,"minecraft:diorite":2,"minecraft:white_bed":9,"minecraft:grass_block":1,"minecraft:spider_eye":4,"minecraft:stone_shovel":1,"minecraft:arrow":30,"minecraft:rotten_flesh":6,"minecraft:stone_axe":2,"minecraft:iron_helmet":1,"minecraft:granite":10,"minecraft:bread":15,"minecraft:oak_sapling":99,"minecraft:obsidian":20,"minecraft:coal":228,"minecraft:cobblestone":250,"minecraft:ender_pearl":2},"minecraft:broken":{"minecraft:stone_pickaxe":3,"minecraft:stone_axe":2},"minecraft:killed":{"minecraft:pig":8,"minecraft:spider":5,"minecraft:creeper":2,"minecraft:skeleton":12,"minecraft:zombie":9,"minecraft:enderman":1},"minecraft:used":{"minecraft:wheat_seeds":56,"minecraft:stone_shovel":89,"minecraft:stone_pickaxe":381,"minecraft:chest":1,"minecraft:shield":46,"minecraft:wooden_pickaxe":10,"minecraft:sugar_cane":6,"minecraft:cooked_salmon":15,"minecraft:stone_hoe":57,"minecraft:iron_chestplate":1,"minecraft:torch":51,"minecraft:dirt":65,"minecraft:crafting_table":6,"minecraft:white_bed":8,"minecraft:tuff":1,"minecraft:apple":1,"minecraft:bread":2,"minecraft:iron_pickaxe":2,"minecraft:stone_axe":292,"minecraft:cobblestone":17,"minecraft:bow":3,"minecraft:oak_sapling":6,"minecraft:furnace":7,"minecraft:bucket":1,"minecraft:egg":1,"minecraft:dandelion":1},"minecraft:mined":{"minecraft:tuff":5,"minecraft:white_bed":8,"minecraft:farmland":1,"minecraft:torch":1,"minecraft:crafting_table":4,"minecraft:granite":7,"minecraft:grass_block":66,"minecraft:tall_grass":85,"minecraft:sugar_cane":4,"minecraft:diorite":2,"minecraft:wall_torch":1,"minecraft:furnace":4,"minecraft:birch_log":44,"minecraft:iron_ore":67,"minecraft:wheat":3,"minecraft:birch_leaves":3,"minecraft:andesite":1,"minecraft:grass":690,"minecraft:oak_log":160,"minecraft:coal_ore":117,"minecraft:deepslate_iron_ore":12,"minecraft:dirt":20,"minecraft:stone":158,"minecraft:oak_leaves":62,"minecraft:deepslate":8},"minecraft:killed_by":{"minecraft:player":1},"minecraft:dropped":{"minecraft:cobbled_deepslate":7,"minecraft:crafting_table":1,"minecraft:obsidian":20,"minecraft:rotten_flesh":6,"minecraft:apple":11,"minecraft:granite":5,"minecraft:stick":2,"minecraft:gunpowder":1,"minecraft:diorite":2,"minecraft:andesite":1,"minecraft:oak_sapling":1,"minecraft:spider_eye":4,"minecraft:wooden_pickaxe":1},"minecraft:crafted":{"minecraft:oak_planks":48,"minecraft:stone_shovel":1,"minecraft:cooked_porkchop":12,"minecraft:crafting_table":2,"minecraft:iron_helmet":1,"minecraft:wooden_pickaxe":1,"minecraft:iron_sword":1,"minecraft:furnace":3,"minecraft:cooked_salmon":14,"minecraft:bucket":1,"minecraft:stone_axe":4,"minecraft:bread":2,"minecraft:air":0,"minecraft:iron_boots":1,"minecraft:iron_chestplate":1,"minecraft:charcoal":2,"minecraft:shield":1,"minecraft:stick":36,"minecraft:iron_ingot":65,"minecraft:iron_pickaxe":1,"minecraft:stone_pickaxe":4,"minecraft:chest":1,"minecraft:iron_leggings":1,"minecraft:torch":72,"minecraft:stone_hoe":1},"minecraft:custom":{"minecraft:interact_with_furnace":73,"minecraft:mob_kills":37,"minecraft:animals_bred":2,"minecraft:interact_with_crafting_table":29,"minecraft:leave_game":2,"minecraft:time_since_death":11518,"minecraft:sleep_in_bed":11,"minecraft:time_since_rest":267,"minecraft:sprint_one_cm":335942,"minecraft:damage_taken":735,"minecraft:walk_one_cm":423869,"minecraft:damage_blocked_by_shield":1521,"minecraft:drop":15,"minecraft:damage_dealt":6330,"minecraft:swim_one_cm":10847,"minecraft:fly_one_cm":517753,"minecraft:open_chest":10,"minecraft:crouch_one_cm":36959,"minecraft:play_time":115959,"minecraft:deaths":1,"minecraft:sneak_time":13388,"minecraft:walk_under_water_one_cm":970,"minecraft:jump":2494,"minecraft:walk_on_water_one_cm":3981,"minecraft:total_world_time":115959,"minecraft:fall_one_cm":61672}},"DataVersion":3465}